{"name":"t:sections.footer.name","type":"footer","sections":{"footer":{"type":"footer","blocks":{"brand_information_WNaGzJ":{"type":"brand_information","settings":{"show_social":true}},"link_list_bG6B8h":{"type":"link_list","settings":{"heading":"QUICKLINKS","menu":"main-menu"}},"link_list_AYicHw":{"type":"link_list","settings":{"heading":"OTHER INFORMATION","menu":"footer"}}},"block_order":["brand_information_WNaGzJ","link_list_bG6B8h","link_list_AYicHw"],"settings":{"color_scheme":"scheme-4","newsletter_enable":false,"newsletter_heading":"Subscribe to Our Emails!","newsletter_subheading":"Exclusive offers, updates, discounts and more for everyone!","enable_follow_on_shop":false,"show_social":true,"enable_country_selector":false,"enable_language_selector":true,"payment_enable":true,"show_policy":false,"margin_top":0,"padding_top":36,"padding_bottom":36}}},"order":["footer"]}