{"sections":{"slideshow_nBwXg6":{"type":"slideshow","blocks":{"slide_3jeqnD":{"type":"slide","settings":{"image":"shopify:\/\/shop_images\/athlete-7200532_1920_1.jpg","heading":"Experience the Difference","heading_size":"h0","subheading":"High-quality supplement solutions designed  to fuel your body, replenish your energy and fortify your routines.","button_label":"SHOP NOW","link":"shopify:\/\/collections\/all","button_style_secondary":false,"box_align":"middle-left","show_text_box":false,"text_alignment":"left","image_overlay_opacity":20,"color_scheme":"scheme-4","text_alignment_mobile":"center"}},"slide_9ehcbN":{"type":"slide","settings":{"image":"shopify:\/\/shop_images\/freepik-export-20240515054438S096.jpg","heading":"Strengthen Your Routine","heading_size":"h0","subheading":"Targeted support for muscle building, mental clarity and more, solidifying your efforts and improving your workouts.","button_label":"SHOP NOW","link":"shopify:\/\/collections\/all","button_style_secondary":false,"box_align":"middle-left","show_text_box":false,"text_alignment":"left","image_overlay_opacity":30,"color_scheme":"scheme-4","text_alignment_mobile":"center"}},"slide_PijW7J":{"type":"slide","settings":{"image":"shopify:\/\/shop_images\/freepik-export-202405150536130Wnc.jpg","heading":"Reach New Goals","heading_size":"h0","subheading":"Recipes inspired by nature and backed by science to give you the support your body needs and the focus your mind craves.","button_label":"SHOP NOW","link":"shopify:\/\/collections\/all","button_style_secondary":false,"box_align":"middle-left","show_text_box":false,"text_alignment":"left","image_overlay_opacity":30,"color_scheme":"scheme-4","text_alignment_mobile":"center"}}},"block_order":["slide_3jeqnD","slide_9ehcbN","slide_PijW7J"],"settings":{"layout":"full_bleed","slide_height":"medium","slider_visual":"dots","auto_rotate":true,"change_slides_speed":5,"image_behavior":"ambient","show_text_below":true,"accessibility_info":"Slideshow about our brand"}},"bundle_collection_FreFHp":{"type":"bundle-collection","blocks":{"bundle_dz94WL":{"type":"bundle","settings":{"image":"shopify:\/\/shop_images\/freepik-export-20240515063116rGZI.jpg","bundle_name":"Bundle One","button_link":"shopify:\/\/pages\/bundles","button_label":"SHOP NOW"}},"bundle_xXG94Q":{"type":"bundle","settings":{"image":"shopify:\/\/shop_images\/exercising-with-dumbbells-gym-strength-training_798657-9849-transformed.jpg","bundle_name":"Bundle Two","button_link":"shopify:\/\/pages\/bundle-2","button_label":"SHOP NOW"}},"bundle_8BnUVA":{"type":"bundle","settings":{"image":"shopify:\/\/shop_images\/professional-athlete-crucial-moment-their-sportsman_1021867-1874-transformed.jpg","bundle_name":"Bundle Three","button_link":"shopify:\/\/pages\/bundle-3","button_label":"SHOP NOW"}}},"block_order":["bundle_dz94WL","bundle_xXG94Q","bundle_8BnUVA"],"disabled":true,"settings":{"bundle_bg_color":"#000000","header_btn_bg":"#cc1919","header_btn_txt_color":"#ffffff","bundle_txt_color":"#ffffff","heading":"Shop Our Bundles","sub_heading":"Experience high-quality products designed for strength, stamina and more bundled together for a compounded impact and targeted benefits.","btn_lbl":"SHOP NOW","btn_link":"shopify:\/\/collections\/all","background_color":"#ffffff","padding_top":80,"padding_bottom":0}},"featured_collection_qMEFht":{"type":"featured-collection","settings":{"title":"Featured Collection","heading_size":"h1","description":"","show_description":false,"description_style":"body","collection":"frontpage","products_to_show":5,"columns_desktop":5,"full_width":false,"show_view_all":false,"view_all_style":"solid","enable_desktop_slider":false,"color_scheme":"scheme-1","image_ratio":"square","image_shape":"default","show_secondary_image":true,"show_vendor":false,"show_rating":false,"quick_add":"standard","columns_mobile":"2","swipe_on_mobile":false,"padding_top":52,"padding_bottom":0}},"dietary_guarantee_badges_home_67EVKV":{"type":"dietary-guarantee-badges-home","blocks":{"badge_AmFJqB":{"type":"Badge","settings":{"bdg_img":"shopify:\/\/shop_images\/icons-vegetarian_sm.png","badge_icon_type":"dietary"}},"badge_zW6V8k":{"type":"Badge","settings":{"bdg_img":"shopify:\/\/shop_images\/icons-vegan_sm.png","badge_icon_type":"dietary"}},"badge_yyN4gX":{"type":"Badge","settings":{"bdg_img":"shopify:\/\/shop_images\/icons-nondairy_copy.png","badge_icon_type":"dietary"}},"badge_LmNiWx":{"type":"Badge","settings":{"bdg_img":"shopify:\/\/shop_images\/icons-nongmo_copy.png","badge_icon_type":"dietary"}},"badge_iDWqQR":{"type":"Badge","settings":{"bdg_img":"shopify:\/\/shop_images\/icons-glutenfree_sm.png","badge_icon_type":"dietary"}},"badge_YMFpWg":{"type":"Badge","settings":{"bdg_img":"shopify:\/\/shop_images\/iconss-paleo-friendlysm.png","badge_icon_type":"dietary"}},"badge_Qdw6zc":{"type":"Badge","settings":{"bdg_img":"shopify:\/\/shop_images\/icons-keto-friendly_sm_2.png","badge_icon_type":"dietary"}}},"block_order":["badge_AmFJqB","badge_zW6V8k","badge_yyN4gX","badge_LmNiWx","badge_iDWqQR","badge_YMFpWg","badge_Qdw6zc"],"settings":{"icon_heading1":"Proudly Offering","sub_heading1":"High-quality recipes designed with different dietary and lifestyle needs in mind.","icon_heading2":"","sub_heading2":"","padding-top":0,"padding-bottom":0}},"featured_product_YrEA3W":{"type":"featured-product","blocks":{"title_pgMjGj":{"type":"title","settings":{"heading_size":"h1"}},"custom_liquid_UiiCC8":{"type":"custom_liquid","settings":{"custom_liquid":"A herbal formula designed to promote healthy gut bacteria and support the digestive tract's normal performance, promoting overall digestion."}},"price_MUXEMT":{"type":"price","settings":{}},"quantity_selector_ECPMTm":{"type":"quantity_selector","settings":{}},"buy_buttons_UkHyL4":{"type":"buy_buttons","settings":{"show_dynamic_checkout":true,"show_gift_card_recipient":true}},"share_m77QkR":{"type":"share","settings":{"share_label":"Share"}}},"block_order":["title_pgMjGj","custom_liquid_UiiCC8","price_MUXEMT","quantity_selector_ECPMTm","buy_buttons_UkHyL4","share_m77QkR"],"settings":{"heading":"Featured Product","heading_color":"#000000","product":"15-day-colon-cleanse","color_scheme":"scheme-4","secondary_background":true,"media_size":"small","constrain_to_viewport":true,"media_fit":"contain","media_position":"left","image_zoom":"none","hide_variants":false,"enable_video_looping":false,"padding_top":0,"padding_bottom":0}},"dietary_guarantee_badges_home_wqUtDj":{"type":"dietary-guarantee-badges-home","blocks":{"badge_QfnVCG":{"type":"Badge","settings":{"bdg_img":"shopify:\/\/shop_images\/Made_In_USA_1.png","badge_icon_type":"guarantee"}},"badge_HggPyk":{"type":"Badge","settings":{"bdg_img":"shopify:\/\/shop_images\/Made_In_GMP.png","badge_icon_type":"guarantee"}},"badge_EHd8xT":{"type":"Badge","settings":{"bdg_img":"shopify:\/\/shop_images\/Packed_In_USA_1.png","badge_icon_type":"guarantee"}},"badge_bmqykV":{"type":"Badge","settings":{"bdg_img":"shopify:\/\/shop_images\/3rd_Party_Tested.png","badge_icon_type":"guarantee"}},"badge_qBX9yL":{"type":"Badge","settings":{"bdg_img":"shopify:\/\/shop_images\/Made_In_FDA.png","badge_icon_type":"guarantee"}}},"block_order":["badge_QfnVCG","badge_HggPyk","badge_EHd8xT","badge_bmqykV","badge_qBX9yL"],"settings":{"icon_heading1":"","sub_heading1":"","icon_heading2":"30 Day Money Back Guarantee","sub_heading2":"Try our supplements risk-free and if you don't love them, return within 30 days for a full refund!","padding-top":31,"padding-bottom":0}},"testimonials_4GNU3A":{"type":"testimonials","blocks":{"testimonials_UkfC8T":{"type":"Testimonials","settings":{"reviewer":"Jessica Lawman","review":"<p>I started using the Hydration Matrix months ago and loved it so much it’s now on my monthly order! My body feels more hydrated than it did on other electrolyte drinks and the fruity flavour makes it easy to enjoy and incorporate into my routine. My friends also prefer this brand over the ones they’ve purchased in the past and they too now shop at [YOUR BRAND].<\/p>"}},"testimonials_qrRyka":{"type":"Testimonials","settings":{"reviewer":"Josh Braun","review":"<p>I really struggled to get into a workout routine and found I was always tired and couldn’t focus. After realizing that my body wasn’t getting the nutrients or replenishing it needed, I cleaned up my eating habits, started taking vitamins regularly and noticed a massive shift. My energy levels and physique have not been this strong in years and taking daily supplements has definitely been a huge contributor to that! My favourite products from [YOUR BRAND] are Clarity Factor Brain Support, Mixed Berry Greens Powder, Fish Oil capsules and Pre-Workout Pink Lemonade.<\/p>"}},"testimonials_BUdpEb":{"type":"Testimonials","settings":{"reviewer":"Carter Dillroy","review":"<p>My attitude around supplementation was a bit, “been there, done that” but after my friend started noticing a huge difference in her energy levels and performance after using your supplements, I decided to give it another try. Just like going to the gym once or twice a month won’t give you obvious results, I realized that you have to be consistent with supplements if you want to reap their benefits. I’ve been on some of my favourite formulas like Maximum Muscle and Shed Fat Thermogenic for 4 months now and have noticed a change in how my body feels and how I perform at the gym. Supplements are for real and quite often they meet needs in your body that have been going unmet for ages!<\/p>"}},"testimonials_HR4Yh8":{"type":"Testimonials","settings":{"reviewer":"Karissa T.","review":"<p>It can be hard to find Vegan products that are high-quality and taste good so I was pleasantly surprised when I ordered the Vegan Vanilla Protein, saw the ingredient list and started incorporating it into my routine. The formula uses pea protein isolate, brown rice powder, quinoa AND fruits and vegetables so users receive a high-nutrient profile along with their protein intake. This product has been a game-changer for me personally, I’m already on my third order!<\/p>"}},"testimonials_PWUnPU":{"type":"Testimonials","settings":{"reviewer":"Mark Mallox","review":"<p>I’ve always struggled to be a “supplement guy” as I tend to forget to take my vitamins but I’ve found that drink mixes work really well for me. I never leave for the gym without taking my water bottle so my wife started ordering electrolyte drink mixes, pre-workout lemonades, etc and I was shocked at how easy it was to remember to mix into my water everyday. Aside from tasting great and enjoying the different flavours available, I do find my energy levels and hydration has improved. It’s been a little over a month so far but I’ve remembered to add in my pre-mix before every workout and it won’t be long before I place my second order.<\/p>"}}},"block_order":["testimonials_UkfC8T","testimonials_qrRyka","testimonials_BUdpEb","testimonials_HR4Yh8","testimonials_PWUnPU"],"settings":{"heading":"Honest Reviews from Real Customers"}},"newsletter_Lg9AEg":{"type":"newsletter","blocks":{"heading_rC49nx":{"type":"heading","settings":{"heading":"Subscribe to Our Emails","heading_size":"h1"}},"paragraph_giFmAU":{"type":"paragraph","settings":{"text":"<p>Exclusive offers, updates, discounts and more only for our subscribers!<\/p>"}},"email_form_3hVmdn":{"type":"email_form","settings":{}}},"block_order":["heading_rC49nx","paragraph_giFmAU","email_form_3hVmdn"],"settings":{"color_scheme":"scheme-2","full_width":true,"padding_top":40,"padding_bottom":52}},"text_with_icon_JCXLxt":{"type":"text-with-icon","blocks":{"text_zFtfHd":{"type":"text","settings":{"image_icon":"shopify:\/\/shop_images\/truck.png","title":"Free Delivery","description":"<p>Spend $75 to qualify for free shipping!<\/p>"}},"text_gDqP43":{"type":"text","settings":{"image_icon":"shopify:\/\/shop_images\/trust_icon_f48ceabe-d055-45a6-a7aa-80d42ddfe18f.png","title":"Professionals","description":"<p>Professional grade products, trusted by our team and customers.<\/p>"}},"text_C3kCXQ":{"type":"text","settings":{"image_icon":"shopify:\/\/shop_images\/support.png","title":"Online Support","description":"<p>Please reach out if you have any questions about our products. Our team is available to connect with you.<\/p>"}}},"block_order":["text_zFtfHd","text_gDqP43","text_C3kCXQ"],"settings":{"background_color":"#444444","text_color":"#f5f5f5","icon_color":"#000000"}}},"order":["slideshow_nBwXg6","bundle_collection_FreFHp","featured_collection_qMEFht","dietary_guarantee_badges_home_67EVKV","featured_product_YrEA3W","dietary_guarantee_badges_home_wqUtDj","testimonials_4GNU3A","newsletter_Lg9AEg","text_with_icon_JCXLxt"]}