{"sections":{"rich_text_enDTQJ":{"type":"rich-text","blocks":{"heading_HPPpYV":{"type":"heading","settings":{"heading":"Get a discount!","heading_size":"h1"}},"text_jWz36C":{"type":"text","settings":{"text":"<h3>Buy any 3 products together and get 10% off on each product.<\/h3>"}}},"block_order":["heading_HPPpYV","text_jWz36C"],"settings":{"desktop_content_position":"center","content_alignment":"center","color_scheme":"","full_width":true,"padding_top":40,"padding_bottom":20}},"main":{"type":"multi-product-bundle","settings":{"title":"","collection":"multi-product"}}},"order":["rich_text_enDTQJ","main"]}