{"sections":{"rich_text_Hn8A4F":{"type":"rich-text","blocks":{"heading_pKpQh7":{"type":"heading","settings":{"heading":"Build Your Own Bundle","heading_size":"h1"}},"text_9twT4t":{"type":"text","settings":{"text":"<h3>Buy any 3 products together and get 10% off on each product.<\/h3>"}}},"block_order":["heading_pKpQh7","text_9twT4t"],"settings":{"desktop_content_position":"center","content_alignment":"center","color_scheme":"","full_width":true,"padding_top":40,"padding_bottom":20}},"main":{"type":"page-bundle","settings":{"collection":"bundle"}}},"order":["rich_text_Hn8A4F","main"]}