{"sections":{"main":{"type":"main-page","disabled":true,"settings":{"padding_top":28,"padding_bottom":28}},"image_banner_3txfQE":{"type":"image-banner","blocks":{"heading_bG6Ekt":{"type":"heading","settings":{"heading":"About Our Gym","heading_size":"h1"}}},"block_order":["heading_bG6Ekt"],"settings":{"image":"shopify:\/\/shop_images\/man-2264825_1920_1.jpg","image_overlay_opacity":0,"image_height":"medium","desktop_content_position":"middle-center","show_text_box":false,"desktop_content_alignment":"center","color_scheme":"scheme-4","image_behavior":"none","mobile_content_alignment":"center","stack_images_on_mobile":true,"show_text_below":false}},"multirow_jGFJdH":{"type":"multirow","blocks":{"row_iRgmiM":{"type":"row","settings":{"image":"shopify:\/\/shop_images\/freepik-export-20240515055648Z5c6.jpg","caption":"introducing [your brand]","heading":"A Difference You Can See","row_heading_size":"h1","text":"<p>At [YOUR BRAND], we are committed to empowering our gym community in their lifestyles of discipline, perseverance and growth. We know that prioritizing your health and committing to dedicated routines comes at a cost, and we are here to champion those who have chosen to invest often.<\/p><p>Our supplements bring strength and support to your workout routines with quality ingredients, intentional formulas and proven results. Experience the difference high-quality supplements can make while meeting your body's physical needs, fortifying your daily routine and enhancing your every workout experience.  <\/p>","readmore":false,"button_label":"","button_link":""}},"row_GDw7M6":{"type":"row","settings":{"image":"shopify:\/\/shop_images\/pexels-victorfreitas-841130_1.jpg","caption":"Our Values","heading":"A Company to Stand Behind","row_heading_size":"h1","text":"<p>Our team at [YOUR BRAND] are dedicated professionals who are committed to seeing you thrive. We believe that health and fitness are a personal journey for everyone, but have personally experienced the power of accountability, community and fun. At [YOUR BRAND], we want to bring all these elements together to serve our members and foster an environment where encouragement, support and achieving personal goals are as foundational as the routines we build our lives on. <\/p>","readmore":false,"button_label":"","button_link":""}},"row_MfM8Pi":{"type":"row","disabled":true,"settings":{"caption":"Caption","heading":"Lorem ipsum dolor sit amet","row_heading_size":"h2","text":"<p>\"Sed ut perspiciatis unde omnis iste natus error sit voluptatem accusantium doloremque laudantium, totam rem aperiam, eaque ipsa quae ab illo inventore veritatis et quasi architecto beatae vitae dicta sunt explicabo. Nemo enim ipsam voluptatem quia voluptas sit aspernatur aut odit aut fugit, sed quia consequuntur magni dolores eos qui ratione voluptatem sequi nesciunt. Neque porro quisquam est, qui dolorem ipsum quia dolor sit amet, consectetur, adipisci velit, sed quia non numquam eius modi tempora incidunt ut labore et dolore magnam aliquam quaerat voluptatem. Ut enim ad minima veniam, quis nostrum exercitationem ullam corporis suscipit laboriosam, nisi ut aliquid ex ea commodi consequatur? Quis autem vel eum iure reprehenderit qui in ea voluptate velit esse quam nihil molestiae consequatur, vel illum qui dolorem eum fugiat quo voluptas nulla pariatur?\"<\/p>","readmore":false,"button_label":"","button_link":""}}},"block_order":["row_iRgmiM","row_GDw7M6","row_MfM8Pi"],"settings":{"heading":"","image_height":"small","desktop_image_width":"medium","heading_size":"h1","text_style":"body","button_style":"secondary","desktop_content_position":"middle","desktop_content_alignment":"left","image_layout":"alternate-left","section_color_scheme":"scheme-1","row_color_scheme":"scheme-4","mobile_content_alignment":"left","padding_top":36,"padding_bottom":36}},"multicolumn_wUeUHc":{"type":"multicolumn","blocks":{"column_aK3tgV":{"type":"column","settings":{"image":"shopify:\/\/shop_images\/pexels-fung0818-18568174_1.jpg","title":"High-Quality Ingredients","text":"<p>We carefully select premium ingredients to create each of our high-quality recipes.<\/p>","link_label":"","link":""}},"column_4NWtkU":{"type":"column","settings":{"image":"shopify:\/\/shop_images\/food-supplement-7239595_1920_1.jpg","title":"Results-Driven Recipes","text":"<p>Our recipes are inspired by nature and backed by science to provide quality supplement solutions with results you can't deny.<\/p>","link_label":"","link":""}},"column_tdeVFN":{"type":"column","settings":{"image":"shopify:\/\/shop_images\/pexels-rethaferguson-3825502_1.jpg","title":"Re-Tested for Quality","text":"<p>We care about what goes into our products and our bodies so we test and re-test our formulas for safety and potency. <\/p>","link_label":"","link":""}}},"block_order":["column_aK3tgV","column_4NWtkU","column_tdeVFN"],"settings":{"title":"Screened for Quality","heading_size":"h1","subheading":"We believe in quality, transparency and potency and take care to prioritize these values in every recipe.","image_width":"full","image_ratio":"square","columns_desktop":3,"column_alignment":"center","background_style":"none","button_label":"","button_link":"","color_scheme":"scheme-1","columns_mobile":"1","swipe_on_mobile":true,"padding_top":36,"padding_bottom":100}}},"order":["main","image_banner_3txfQE","multirow_jGFJdH","multicolumn_wUeUHc"]}