{"sections":{"main":{"type":"main-product","blocks":{"title":{"type":"title","settings":{}},"description":{"type":"description","settings":{}},"price":{"type":"price","settings":{}},"variant_picker":{"type":"variant_picker","settings":{"picker_type":"button","swatch_shape":"circle"}},"quantity_selector":{"type":"quantity_selector","disabled":true,"settings":{}},"buy_buttons":{"type":"buy_buttons","settings":{"show_dynamic_checkout":true,"show_gift_card_recipient":true}},"share":{"type":"share","settings":{"share_label":"Share"}},"collapsible_tab_tqTwJG":{"type":"collapsible_tab","disabled":true,"settings":{"heading":"Cancellation Policy","icon":"none","content":"<ul><li><strong>Before Shipment:<\/strong> Cancel within 24 hours for a full refund.<\/li><li><strong>After Shipment:<\/strong> Follow our return policy.<\/li><\/ul><p><strong>How to Cancel:<\/strong><\/p><ul><li>Email [<a href=\"mailto:support@gymtheme.com\" target=\"_blank\">support@gymtheme.com<\/a>.] or call [+1 (800) 123-4567] with your order number.<\/li><\/ul><p><strong>Refunds:<\/strong><\/p><ul><li><strong>Within 24 Hours:<\/strong> Full refund in 5-7 business days.<\/li><li><strong>After Shipment:<\/strong> See return policy.<\/li><\/ul><p><strong>Exceptions:<\/strong><\/p><ul><li>Custom and final sale items are non-cancellable and non-returnable.<\/li><\/ul><p><strong>Contact:<\/strong><\/p><ul><li><strong>Email: <\/strong><a href=\"mailto:support@gymtheme.com\" target=\"_blank\">support@gymtheme.com<\/a>.<\/li><li><strong>Phone:<\/strong> [+1 (800) 123-4567]<\/li><li><strong>Hours:<\/strong> Mon-Fri, 9 AM - 5 PM (EST)<\/li><\/ul><p>Thank you for choosing [Your Brand Name].<\/p>","page":""}},"cancellation_policy_GKFnY7":{"type":"cancellation-policy","disabled":true,"settings":{}}},"block_order":["title","description","price","variant_picker","quantity_selector","buy_buttons","share","collapsible_tab_tqTwJG","cancellation_policy_GKFnY7"],"settings":{"enable_sticky_info":true,"color_scheme":"scheme-6c1d604a-e51b-4da5-8c3d-cfb88f09c935","media_size":"medium","constrain_to_viewport":true,"media_fit":"contain","gallery_layout":"thumbnail_slider","media_position":"left","image_zoom":"hover","mobile_thumbnails":"hide","hide_variants":true,"enable_video_looping":false,"padding_top":36,"padding_bottom":36}},"key_benefits_fYX6gU":{"type":"key-benefits","settings":{"heading":"{{ product.metafields.custom.key_benefits_heading.value }}","bg_color":"#444444","color":"#ffffff"}},"multirow_P68KtK":{"type":"multirow","blocks":{"row_YCCUEc":{"type":"row","settings":{"image":"{{ product.metafields.custom.ingredients_step_1_image.value }}","caption":"","heading":"{{ product.metafields.custom.ingredients_step_1_heading.value }}","row_heading_size":"h2","text":"{{ product.metafields.custom.ingredients_step_1_content | metafield_tag }}","readmore":true,"button_label":"","button_link":""}},"row_JV3M43":{"type":"row","settings":{"image":"{{ product.metafields.custom.ingredients_step_2_image.value }}","caption":"","heading":"{{ product.metafields.custom.ingredients_step_2_heading.value }}","row_heading_size":"h2","text":"{{ product.metafields.custom.ingredients_step_2_content | metafield_tag }}","readmore":true,"button_label":"","button_link":""}},"row_FyAKQC":{"type":"row","settings":{"image":"{{ product.metafields.custom.ingredients_step_3_image.value }}","caption":"","heading":"{{ product.metafields.custom.ingredients_step_3_heading.value }}","row_heading_size":"h2","text":"{{ product.metafields.custom.ingredients_step_3_content | metafield_tag }}","readmore":true,"button_label":"","button_link":""}},"row_aMwkMd":{"type":"row","settings":{"image":"{{ product.metafields.custom.ingredients_step_4_image.value }}","caption":"","heading":"{{ product.metafields.custom.ingredients_step_4_heading.value }}","row_heading_size":"h2","text":"{{ product.metafields.custom.ingredients_step_4_content | metafield_tag }}","readmore":true,"button_label":"","button_link":""}}},"block_order":["row_YCCUEc","row_JV3M43","row_FyAKQC","row_aMwkMd"],"settings":{"heading":"{{ product.metafields.custom.ingredients_heading.value }}","image_height":"small","desktop_image_width":"small","heading_size":"h1","text_style":"body","button_style":"secondary","desktop_content_position":"middle","desktop_content_alignment":"left","image_layout":"alternate-left","section_color_scheme":"","row_color_scheme":"scheme-4","mobile_content_alignment":"left","padding_top":36,"padding_bottom":36}},"product_guarantee_dietary_badges_JdxCHp":{"type":"product-guarantee-dietary-badges","settings":{"padding-top":0,"padding-bottom":72}},"related-products":{"type":"related-products","settings":{"heading":"You May Also Like","heading_size":"h1","products_to_show":4,"columns_desktop":4,"color_scheme":"scheme-3","image_ratio":"square","image_shape":"default","show_secondary_image":true,"show_vendor":false,"show_rating":false,"columns_mobile":"2","padding_top":36,"padding_bottom":28}}},"order":["main","key_benefits_fYX6gU","multirow_P68KtK","product_guarantee_dietary_badges_JdxCHp","related-products"]}